ID {2},name {7}
1,Prologue in Progress (1/5)
2,Prologue in Progress (2/5)
3,Prologue in Progress (3/5)
4,Prologue in Progress (4/5)
5,Prologue in Progress (5/5)
6,ACM_Name_M00_50
7,ACM_Name_M00_60
8,ACM_Name_M00_70
9,ACM_Name_M00_80
10,ACM_Name_M00_90
11,Chapter 1 in Progress (1/5)
12,Chapter 1 in Progress (2/5)
13,Chapter 1 in Progress (3/5)
14,Chapter 1 in Progress (4/5)
15,Chapter 1 in Progress (5/5)
16,ACM_Name_M01_50
17,ACM_Name_M01_60
18,ACM_Name_M01_70
19,ACM_Name_M01_80
20,ACM_Name_M01_90
21,Chapter 2 in Progress (1/4)
22,Chapter 2 in Progress (2/4)
23,Chapter 2 in Progress (3/4)
24,Chapter 2 in Progress (4/4)
25,ACM_Name_M02_40
26,ACM_Name_M02_50
27,ACM_Name_M02_60
28,ACM_Name_M02_70
29,ACM_Name_M02_80
30,ACM_Name_M02_90
31,Chapter 3 in Progress (1/4)
32,Chapter 3 in Progress (2/4)
33,Chapter 3 in Progress (3/4)
34,Chapter 3 in Progress (4/4)
35,ACM_Name_M03_40
36,ACM_Name_M03_50
37,ACM_Name_M03_60
38,ACM_Name_M03_70
39,ACM_Name_M03_80
40,ACM_Name_M03_90
41,Chapter 4 in Progress (1/4)
42,Chapter 4 in Progress (2/4)
43,Chapter 4 in Progress (3/4)
44,Chapter 4 in Progress (4/4)
45,ACM_Name_M04_40
46,ACM_Name_M04_50
47,ACM_Name_M04_60
48,ACM_Name_M04_70
49,ACM_Name_M04_80
50,ACM_Name_M04_90
51,Chapter 5 in Progress (1/5)
52,Chapter 5 in Progress (2/5)
53,Chapter 5 in Progress (3/5)
54,Chapter 5 in Progress (4/5)
55,Chapter 5 in Progress (5/5)
56,ACM_Name_M05_50
57,ACM_Name_M05_60
58,ACM_Name_M05_70
59,ACM_Name_M05_80
60,ACM_Name_M05_90
61,Chapter 6 in Progress (1/4)
62,Chapter 6 in Progress (2/4)
63,Chapter 6 in Progress (3/4)
64,Chapter 6 in Progress (4/4)
65,ACM_Name_M06_40
66,ACM_Name_M06_50
67,ACM_Name_M06_60
68,ACM_Name_M06_70
69,ACM_Name_M06_80
70,ACM_Name_M06_90
71,Chapter 7 in Progress (1/4)
72,Chapter 7 in Progress (2/4)
73,Chapter 7 in Progress (3/4)
74,Chapter 7 in Progress (4/4)
75,ACM_Name_M07_40
76,ACM_Name_M07_50
77,ACM_Name_M07_60
78,ACM_Name_M07_70
79,ACM_Name_M07_80
80,ACM_Name_M07_90
81,Chapter 8 in Progress (1/3)
82,Chapter 8 in Progress (2/3)
83,Chapter 8 in Progress (3/3)
84,ACM_Name_M08_30
85,ACM_Name_M08_40
86,ACM_Name_M08_50
87,ACM_Name_M08_60
88,ACM_Name_M08_70
89,ACM_Name_M08_80
90,ACM_Name_M08_90
91,Chapter 9 in Progress (1/4)
92,Chapter 9 in Progress (2/4)
93,Chapter 9 in Progress (3/4)
94,Chapter 9 in Progress (4/4)
95,ACM_Name_M09_40
96,ACM_Name_M09_50
97,ACM_Name_M09_60
98,ACM_Name_M09_70
99,ACM_Name_M09_80
100,ACM_Name_M09_90
101,Chapter 10 in Progress (1/3)
102,Chapter 10 in Progress (2/3)
103,Chapter 10 in Progress (3/3)
104,ACM_Name_M10_30
105,ACM_Name_M10_40
106,ACM_Name_M10_50
107,ACM_Name_M10_60
108,ACM_Name_M10_70
109,ACM_Name_M10_80
110,ACM_Name_M10_90
111,Chapter 11 in Progress (1/4)
112,Chapter 11 in Progress (2/4)
113,Chapter 11 in Progress (3/4)
114,Chapter 11 in Progress (4/4)
115,ACM_Name_M11_40
116,ACM_Name_M11_50
117,ACM_Name_M11_60
118,ACM_Name_M11_70
119,ACM_Name_M11_80
120,ACM_Name_M11_90
121,Chapter 12 in Progress (1/5)
122,Chapter 12 in Progress (2/5)
123,Chapter 12 in Progress (3/5)
124,Chapter 12 in Progress (4/5)
125,Chapter 12 in Progress (5/5)
126,ACM_Name_M12_50
127,ACM_Name_M12_60
128,ACM_Name_M12_70
129,ACM_Name_M12_80
130,ACM_Name_M12_90
131,An Offer of Aid
132,Mission Accomplished
133,The Helper
134,The Handyman
135,The Jack-of-All-Trades
136,Levelheaded
137,Keys to a Skell
138,A Girl's Wings
139,Initial Victory
140,Let's Do This!
141,Piece of Cake
142,Keep On Keepin' On
143,Steady As She Goes
144,The Rough Road
145,Affinity Values
146,Affinity Engaged
147,Affinity Nurtured
148,Affinity Growing
149,Affinity Bursting
150,Honorable Victory
151,Glorious Victory
152,Brilliant Victory
153,The Agony of Defeat
154,Squad Task Rookie
155,Squad Task Sophomore
156,Squad Task Veteran
157,Squad Task Overlord
158,ACM_Name_028
159,ACM_Name_029
160,ACM_Name_030
161,ACM_Name_031
162,ACM_Name_032
163,ACM_Name_033
164,ACM_Name_034
165,ACM_Name_035
166,ACM_Name_036
167,ACM_Name_037
168,ACM_Name_038
169,ACM_Name_039
170,ACM_Name_040
171,ACM_Name_041
172,Happy Hands
173,Achievement Beginner
174,Achievement Veteran
175,The New Reporter
176,ACM_Name_046
177,ACM_Name_047
178,ACM_Name_048
179,ACM_Name_049
180,ACM_Name_050
181,ACM_Name_051
182,ACM_Name_052
183,ACM_Name_053
184,ACM_Name_054
185,ACM_Name_055
186,ACM_Name_056
187,ACM_Name_057
188,ACM_Name_058
189,ACM_Name_059
190,ACM_Name_060
191,ACM_Name_061
192,ACM_Name_062
193,Overloaded
194,Executive Decision
195,Plastic Surgeon
196,The Black Lifehold
197,The White Lifehold
198,Knight in Shining Armor
199,White Gold
200,The End of an Idealist
201,Grand Opening
202,Stepping Out
203,Industry Secrets
204,Probe Provider
205,Miranium Monetizer
206,The Pride of the Ma-non
207,The Shape-Shifter
208,A Legendary Quest
209,Battle Gauntlet Champion
210,Ovah Rebellion
211,The Last Man
212,Golbogga Uncovered
213,Agency Infiltrator
214,Factory Fun
215,The Biahno Tragedy
216,This Cruel World
217,Fireworks
218,Tree Clan Immigration
219,Cavern Clan Immigration
220,Nopon Immigration
221,Orphe Immigration
222,Zaruboggan Immigration
223,Wrothian Immigration
224,Definian Immigration
225,B°&7k%±l Immigration
226,New Friend Immigration
227,Mechanical Immigration
228,The Jolly Xeno Joins Up
229,The Hot Temper Joins Up
230,The Farmboy Joins Up
231,The Master Sniper Joins Up
232,The Tough Guy Joins Up
233,The Secretary Joins Up
234,The Xeno Girl Joins Up
235,ACM_Name_105
236,ACM_Name_106
237,ACM_Name_107
238,The Killer Ostrich Joins Up
239,The Quiet One Joins Up
240,The Deadly One Joins Up
241,ACM_Name_111
242,The Kindly One Joins Up
243,The Rookie Joins Up
244,The Team Leader's Routine
245,The Genius Girl's Routine
246,The Jolly Xeno's Routine
247,The Hot Temper's Routine
248,The Farmboy's Routine
249,ACM_Name_119
250,The Tough Guy's Routine
251,The Secretary's Routine
252,The Xeno Girl's Routine
253,ACM_Name_123
254,ACM_Name_124
255,ACM_Name_125
256,The Killer Ostrich's Routine
257,The Quiet One's Routine
258,The Deadly One's Routine
259,ACM_Name_129
260,The Kindly One's Routine
261,The Rookie's Routine
262,Acquaintance
263,Good Friend
264,Best Friend
265,Reliable Partner
266,The Team Leader's Heart
267,The Genius Girl's Heart
268,The Jolly Xeno's Heart
269,The Hot Temper's Heart
270,The Farmboy's Heart
271,ACM_Name_141
272,The Tough Guy's Heart
273,The Secretary's Heart
274,The Xeno Girl's Heart
275,ACM_Name_145
276,ACM_Name_146
277,ACM_Name_147
278,The Killer Ostrich's Heart
279,The Quiet One's Heart
280,The Deadly One's Heart
281,ACM_Name_151
282,The Kindly One's Heart
283,The Rookie's Heart
284,First Info Obtained
285,Info Lover
286,Well-Informed
287,Informant
288,Underground Informant
289,All Info Completed!
290,Byte Info
291,Mega Info
292,Giga Info
293,Tera Info
294,Lucky Hands
295,Fortunate Hands
296,Divine Hands
297,Novice Dealer
298,Experienced Dealer
299,Trustworthy Dealer
300,Divine Dealer
301,Our Hero!
302,Homecoming Royalty
303,ACM_Name_173
304,ACM_Name_174
305,New Recruiter
306,Aspiring Headhunter
307,Employment Agent
308,Scout Leader
309,ACM_Name_179
310,ACM_Name_180
311,ACM_Name_181
312,ACM_Name_182
313,ACM_Name_183
314,ACM_Name_184
315,You Tell 'Em!
316,ACM_Name_186
317,ACM_Name_187
318,ACM_Name_188
319,Online Rookie
320,Online Veteran
321,Online Master
322,Achievement Master
323,Achievement King
324,Sakuraba Grunt
325,Sakuraba Manager
326,Sakuraba CEO
327,Grenada Grunt
328,Grenada Manager
329,Grenada CEO
330,C&C Grunt
331,C&C Manager
332,C&C CEO
333,Meredith Grunt
334,Meredith Manager
335,Meredith CEO
336,Six Stars Grunt
337,Six Stars Manager
338,Six Stars CEO
339,Orphean Tech Grunt
340,Orphean Tech Manager
341,Orphean Tech CEO
342,Nopon CG Grunt
343,Nopon CG Manager
344,Nopon CG CEO
345,Factory 1.21 Grunt
346,Factory 1.21 Manager
347,Factory 1.21 CEO
348,Affinity Chart Flunky
349,Affinity Chart Trustee
350,Affinity Chart City Mayor
351,Affinity Chart Governor
352,Affinity Chart President
353,Relationship Starter
354,Relationship Connoisseur
355,Relationship Aficionado
356,Relationship Ninja
357,Relationship Master
358,Thankful for Encounters
359,Thrilled for Encounters
360,Moved by Encounters
361,DIY Novice
362,DIY Fanatic
363,DIY Master
364,The Collector
365,The Enthusiast
366,The Geek
367,First Figure
368,A Few Figures
369,So Many Figures
370,My Cute Fluffball
371,Novice Pioneer
372,Experienced Pioneer
373,Expert Pioneer
374,Novice Traveler
375,Experienced Traveler
376,Expert Traveler
377,Novice Explorer
378,Experienced Explorer
379,Expert Explorer
380,Standing in Primordia
381,Entering Noctilum
382,Exploring Oblivia
383,Invading Sylvalum
384,At Last: Cauldros
385,Welcome to New Los Angeles
386,The Heavenly Idyll Beach
387,Exploring Stonelattice Cavern
388,Scouting the Turtle Nest
389,Wonders of Wonderment Bluff
390,Exploring the Rock Cavern
391,Colors of the Ensanguined Font
392,Searching Orochi's Belly
393,The Hidden Millstone Ridge
394,Welcome to Whale's Weeper
395,Searching Sentinel's Nest
396,Relaxing at Beachside Trove
397,The Alluring Primeval Meadow
398,The Enigmatic Cryptic Sign
399,On Great Washington Isle
400,The Bottom of Crater Oasis
401,Entering Quay Hollows
402,The Dim of Behemoth's Shadows
403,From Abyss Reservoir
404,Sprinting to Sandsprint Cavity
405,Within the Noctilucent Sphere
406,Invading the Ganglion Antropolis
407,Scouting Bandits' Refuge
408,The Glorious Kw'arah Cloister
409,The View from Headwater Cliff
410,Scaling Talon Rock Prominence
411,Conquering Yagami's Vista
412,Conquering Decapotamon Vista
413,The Cascade Isle View
414,Atop the Giant Ring
415,The Deep Trench of Azure Lagoon
416,Discovering the Kintrees
417,Climbing Mount Edge Peak
418,Overlooking Xanadu Overlook
419,The Discovery of Arc Rock
420,The Glow of White Phosphor Lake
421,The Waters of M'gando Mineral Spring
422,Primordia: Starting Survey
423,Primordia: Survey Underway
424,Primordia: Survey Proceeding
425,Primordia: Final Survey
426,Primordia: Survey Complete
427,Noctilum: Starting Survey
428,Noctilum: Survey Underway
429,Noctilum: Survey Proceeding
430,Noctilum: Final Survey
431,Noctilum: Survey Complete
432,Oblivia: Starting Survey
433,Oblivia: Survey Underway
434,Oblivia: Survey Proceeding
435,Oblivia: Final Survey
436,Oblivia: Survey Complete
437,Sylvalum: Starting Survey
438,Sylvalum: Survey Underway
439,Sylvalum: Survey Proceeding
440,Sylvalum: Final Survey
441,Sylvalum: Survey Complete
442,Cauldros: Starting Survey
443,Cauldros: Survey Underway
444,Cauldros: Survey Proceeding
445,Cauldros: Final Survey
446,Cauldros: Survey Complete
447,I.D.: Starting Survey
448,I.D.: Survey Underway
449,I.D.: Survey Proceeding
450,I.D.: Final Survey
451,I.D.: Survey Complete
452,C.D.: Starting Survey
453,C.D.: Survey Underway
454,C.D.: Survey Proceeding
455,C.D.: Final Survey
456,C.D.: Survey Complete
457,R.D.: Starting Survey
458,R.D.: Survey Underway
459,R.D.: Survey Proceeding
460,R.D.: Final Survey
461,R.D.: Survey Complete
462,A.D.: Starting Survey
463,A.D.: Survey Underway
464,A.D.: Survey Proceeding
465,A.D.: Final Survey
466,A.D.: Survey Complete
467,Ma-non Ship: Starting Survey
468,Ma-non Ship: Survey Underway
469,Ma-non Ship: Survey Proceeding
470,Ma-non Ship: Final Survey
471,Ma-non Ship: Survey Complete
472,Barracks: Starting Survey
473,Barracks: Survey Underway
474,Barracks: Survey Proceeding
475,Barracks: Final Survey
476,Barracks: Survey Complete
477,Mira Revealed
478,Novice Collector
479,Casual Collector
480,Intermediate Collector
481,Expert Collector
482,First Panel Set
483,First Lucky Panel
484,First Row Complete
485,Rows Half-Complete
486,First Category Complete
487,Categories Half-Complete
488,All Categories Completed
489,First Region Complete
490,All Regions Complete
491,The Seeker
492,My First Treasure
493,Treasure Expert
494,Treasure Master
495,Treasure King
496,Biological Skill Developed
497,Mechanical Skill Developed
498,Archaeological Skill Developed
499,All Skills Complete
500,Field Action Beginner
501,Field Action Learner
502,Field Action Expert
503,Data Probe Install Started
504,Data Probe Install Ongoing
505,Data Probe Install Complete
506,FrontierNav Rookie
507,FrontierNav Specialist
508,FrontierNav Expert
509,Virtual Tourism Novice
510,Virtual Tourism Specialist
511,Virtual Tourism King
512,Miranium Collector
513,Miranium Hoarder
514,Miranium King
515,Have a Nice Trip
516,Rookie Traveler
517,Experienced Traveler
518,Frequent Flier
519,Diving to Freedom
520,Diving Freak
521,Bad Weather
522,Legendarily Bad Weather
523,My Skell
524,Skell Collector
525,Skell Nut
526,Skell Pilot
527,Burned-Out Pilot
528,ACM_Name_398
529,ACM_Name_399
530,ACM_Name_400
531,Wealthy
532,Millionaire
533,Billionaire
534,Moderate Spender
535,Big Spender
536,Absurd Spender
537,Slot Challenger
538,Slot Freak
539,Slot Machine
540,Resort Vibes
541,Gone Swimmin'
542,ACM_Name_413
543,ACM_Name_414
544,BLADE Vet
545,BLADE Superstar
546,ACM_Name_417
547,ACM_Name_418
548,ACM_Name_419
549,Let's Chat
550,Mmm-hmm...
551,How Interesting...
552,Ladies First
553,Gentlemen Only
554,Xenophile
555,ACM_Name_426
556,ACM_Name_427
557,ACM_Name_428
558,ACM_Name_429
559,A True Hero
560,First Blood
561,I Barely Felt That
562,Ouch
563,"Okay, That Hurt"
564,Revenge!
565,My First Loot
566,Looter
567,My First Gold Drop
568,Gold Drop Collector
569,Silver Drop Collector
570,Bronze Drop Collector
571,The Thoughtful One
572,Team Bonding
573,Novice Crusher
574,Veteran Crusher
575,Master Crusher
576,Lord of the Crushers
577,I Won't Lose Next Time!
578,I'll Try Harder Tomorrow...
579,I'll Try Harder Next Year...
580,I'll...Keep Trying
581,My Skell! Nooooo!
582,Skells Are Expendable
583,BLADE Private
584,BLADE Corporal[ST:n ]
585,BLADE Sergeant
586,BLADE Lieutenant
587,BLADE Major
588,BLADE Captain
589,Class Skills Beginner
590,Class Skills Specialist
591,Class Skills Master
592,Arts Beginner
593,Arts Specialist
594,Arts Master
595,Expert Drifter
596,Expert Striker
597,Expert Samurai Gunner
598,Expert Duelist
599,Expert Shield Trooper
600,Expert Bastion Warrior
601,Expert Commando
602,Expert Winged Viper
603,Expert Full Metal Jaguar
604,Expert Partisan Eagle
605,Expert Astral Crusader
606,Expert Enforcer
607,Expert Psycorruptor
608,Expert Mastermind
609,Expert Blast Fencer
610,Expert Galactic Knight
611,ACM_Name_482
612,ACM_Name_483
613,ACM_Name_484
614,ACM_Name_485
615,One and Done
616,Lucky Sevens
617,ACM_Name_488
618,Clothes? Who Needs 'Em!
619,Intensive Training
620,Caregiver
621,Soul Voice Novice
622,Soul Voice Expert
623,Soul Voice Master
624,Soul Voice King
625,Novice Crusher
626,Veteran Crusher
627,Master Crusher
628,ACM_Name_499
629,ACM_Name_500
630,Harrier Support
631,Interceptor Support
632,Pathfinder Support
633,Curator Support
634,Prospector Support
635,Outfitter Support
636,Reclaimer Support
637,Mediator Support
638,Support Appreciated
639,Support VERY Appreciated
640,ACE_Name_000
641,ACE_Name_001
642,ACE_Name_002
643,Puge Subduer
644,Puge Smasher
645,Puge Annihilator
646,Pugilith Subduer
647,Pugilith Smasher
648,Pugilith Annihilator
649,Galdr Subduer
650,Galdr Smasher
651,Galdr Annihilator
652,Quo Subduer
653,Quo Smasher
654,Quo Annihilator
655,Oc-serv Subduer
656,Oc-serv Smasher
657,Oc-serv Annihilator
658,Qmoeva Subduer
659,Qmoeva Smasher
660,Qmoeva Annihilator
661,Seidr Subduer
662,Seidr Smasher
663,Seidr Annihilator
664,Xern Subduer
665,Xern Smasher
666,Xern Annihilator
667,Shrad Subduer
668,Shrad Smasher
669,Shrad Annihilator
670,Xe-dom Subduer
671,Xe-dom Smasher
672,Xe-dom Annihilator
673,Zig Subduer
674,Zig Smasher
675,Zig Annihilator
676,Fal-swo Subduer
677,Fal-swo Smasher
678,Fal-swo Annihilator
679,Marnuck Subduer
680,Marnuck Smasher
681,Marnuck Annihilator
682,Milsaadi Subduer
683,Milsaadi Smasher
684,Milsaadi Annihilator
685,Sylooth Subduer
686,Sylooth Smasher
687,Sylooth Annihilator
688,Gularth Subduer
689,Gularth Smasher
690,Gularth Annihilator
691,Prone Subduer
692,Prone Smasher
693,Prone Annihilator
694,Definian Subduer
695,Definian Smasher
696,Definian Annihilator
697,Petramand Subduer
698,Petramand Smasher
699,Petramand Annihilator
700,Scirpo Subduer
701,Scirpo Smasher
702,Scirpo Annihilator
703,Forfex Subduer
704,Forfex Smasher
705,Forfex Annihilator
706,Cinicula Subduer
707,Cinicula Smasher
708,Cinicula Annihilator
709,Falsaxum Subduer
710,Falsaxum Smasher
711,Falsaxum Annihilator
712,Vivohast Subduer
713,Vivohast Smasher
714,Vivohast Annihilator
715,Thallus Subduer
716,Thallus Smasher
717,Thallus Annihilator
718,Tectinsula Subduer
719,Tectinsula Smasher
720,Tectinsula Annihilator
721,Arenatect Subduer
722,Arenatect Smasher
723,Arenatect Annihilator
724,Blatta Subduer
725,Blatta Smasher
726,Blatta Annihilator
727,Turba Subduer
728,Turba Smasher
729,Turba Annihilator
730,Adsecula Subduer
731,Adsecula Smasher
732,Adsecula Annihilator
733,Papil Subduer
734,Papil Smasher
735,Papil Annihilator
736,Germivore Subduer
737,Germivore Smasher
738,Germivore Annihilator
739,Sabula Subduer
740,Sabula Smasher
741,Sabula Annihilator
742,Ictus Subduer
743,Ictus Smasher
744,Ictus Annihilator
745,Aeviter Subduer
746,Aeviter Smasher
747,Aeviter Annihilator
748,Lophid Subduer
749,Lophid Smasher
750,Lophid Annihilator
751,Purgovent Subduer
752,Purgovent Smasher
753,Purgovent Annihilator
754,Duoguill Subduer
755,Duoguill Smasher
756,Duoguill Annihilator
757,Scintimure Subduer
758,Scintimure Smasher
759,Scintimure Annihilator
760,Aetrygon Subduer
761,Aetrygon Smasher
762,Aetrygon Annihilator
763,Xiphias Subduer
764,Xiphias Smasher
765,Xiphias Annihilator
766,Balaena Subduer
767,Balaena Smasher
768,Balaena Annihilator
769,Ceto Subduer
770,Ceto Smasher
771,Ceto Annihilator
772,Grex Subduer
773,Grex Smasher
774,Grex Annihilator
775,Caro Subduer
776,Caro Smasher
777,Caro Annihilator
778,Vigent Subduer
779,Vigent Smasher
780,Vigent Annihilator
781,Virago Subduer
782,Virago Smasher
783,Virago Annihilator
784,Monoceros Subduer
785,Monoceros Smasher
786,Monoceros Annihilator
787,Progen Subduer
788,Progen Smasher
789,Progen Annihilator
790,Simius Subduer
791,Simius Smasher
792,Simius Annihilator
793,Cantor Subduer
794,Cantor Smasher
795,Cantor Annihilator
796,Aprica Subduer
797,Aprica Smasher
798,Aprica Annihilator
799,Cervus Subduer
800,Cervus Smasher
801,Cervus Annihilator
802,Suid Subduer
803,Suid Smasher
804,Suid Annihilator
805,Ovis Subduer
806,Ovis Smasher
807,Ovis Annihilator
808,Millesaur Subduer
809,Millesaur Smasher
810,Millesaur Annihilator
811,Coronid Subduer
812,Coronid Smasher
813,Coronid Annihilator
814,Evello Subduer
815,Evello Smasher
816,Evello Annihilator
817,Caecus Subduer
818,Caecus Smasher
819,Caecus Annihilator
820,Insidia Subduer
821,Insidia Smasher
822,Insidia Annihilator
823,Sphinx Subduer
824,Sphinx Smasher
825,Sphinx Annihilator
826,Gerrid Subduer
827,Gerrid Smasher
828,Gerrid Annihilator
829,Lepyx Subduer
830,Lepyx Smasher
831,Lepyx Annihilator
832,Mortifole Subduer
833,Mortifole Smasher
834,Mortifole Annihilator
835,Sacrifole Subduer
836,Sacrifole Smasher
837,Sacrifole Annihilator
838,Auravis Subduer
839,Auravis Smasher
840,Auravis Annihilator
841,Jacul Subduer
842,Jacul Smasher
843,Jacul Annihilator
844,Levitath Subduer
845,Levitath Smasher
846,Levitath Annihilator
847,Colubrim Subduer
848,Colubrim Smasher
849,Colubrim Annihilator
850,Millepod Subduer
851,Millepod Smasher
852,Millepod Annihilator
853,Unafulge Subduer
854,Unafulge Smasher
855,Unafulge Annihilator
856,Visigel Subduer
857,Visigel Smasher
858,Visigel Annihilator
859,Filiavent Subduer
860,Filiavent Smasher
861,Filiavent Annihilator
862,Yggralith Subduer
863,Yggralith Smasher
864,Yggralith Annihilator
865,Telethia Subduer
866,Telethia Smasher
867,Telethia Annihilator
868,Vesper Subduer
869,Vesper Smasher
870,Vesper Annihilator
871,Murra Subduer
872,Murra Smasher
873,Murra Annihilator
874,Terebra Subduer
875,Terebra Smasher
876,Terebra Annihilator
877,Mephite Subduer
878,Mephite Smasher
879,Mephite Annihilator
880,Saltat Subduer
881,Saltat Smasher
882,Saltat Annihilator
883,Liceor Subduer
884,Liceor Smasher
885,Liceor Annihilator
886,Potamus Subduer
887,Potamus Smasher
888,Potamus Annihilator
889,Dilus Subduer
890,Dilus Smasher
891,Dilus Annihilator
892,Tersqual Subduer
893,Tersqual Smasher
894,Tersqual Annihilator
895,Tainted Subduer
896,Tainted Smasher
897,Tainted Annihilator
898,ACE_Name_258
899,ACE_Name_259
900,ACE_Name_260
901,ACE_Name_261
902,ACE_Name_262
903,ACE_Name_263
904,ACE_Name_264
905,ACE_Name_265
906,ACE_Name_266
907,ACE_Name_267
908,ACE_Name_268
909,ACE_Name_269
910,ACE_Name_280
911,Completed part 1 of 5 of the Prologue.
912,Completed part 2 of 5 of the Prologue.
913,Completed part 3 of 5 of the Prologue.
914,Completed part 4 of 5 of the Prologue.
915,Completed part 5 of 5 of the Prologue.
916,ACM_EvCap005
917,ACM_EvCap006
918,ACM_EvCap007
919,ACM_EvCap008
920,ACM_EvCap009
921,Completed part 1 of 5 of Chapter 1.
922,Completed part 2 of 5 of Chapter 1.
923,Completed part 3 of 5 of Chapter 1.
924,Completed part 4 of 5 of Chapter 1.
925,Completed part 5 of 5 of Chapter 1.
926,ACM_EvCap015
927,ACM_EvCap016
928,ACM_EvCap017
929,ACM_EvCap018
930,ACM_EvCap019
931,Completed part 1 of 4 of Chapter 2.
932,Completed part 2 of 4 of Chapter 2.
933,Completed part 3 of 4 of Chapter 2.
934,Completed part 4 of 4 of Chapter 2.
935,ACM_EvCap024
936,ACM_EvCap025
937,ACM_EvCap026
938,ACM_EvCap027
939,ACM_EvCap028
940,ACM_EvCap029
941,Completed part 1 of 4 of Chapter 3.
942,Completed part 2 of 4 of Chapter 3.
943,Completed part 3 of 4 of Chapter 3.
944,Completed part 4 of 4 of Chapter 3.
945,ACM_EvCap034
946,ACM_EvCap035
947,ACM_EvCap036
948,ACM_EvCap037
949,ACM_EvCap038
950,ACM_EvCap039
951,Completed part 1 of 4 of Chapter 4.
952,Completed part 2 of 4 of Chapter 4.
953,Completed part 3 of 4 of Chapter 4.
954,Completed part 4 of 4 of Chapter 4.
955,ACM_EvCap044
956,ACM_EvCap045
957,ACM_EvCap046
958,ACM_EvCap047
959,ACM_EvCap048
960,ACM_EvCap049
961,Completed part 1 of 5 of Chapter 5.
962,Completed part 2 of 5 of Chapter 5.
963,Completed part 3 of 5 of Chapter 5.
964,Completed part 4 of 5 of Chapter 5.
965,Completed part 5 of 5 of Chapter 5.
966,ACM_EvCap055
967,ACM_EvCap056
968,ACM_EvCap057
969,ACM_EvCap058
970,ACM_EvCap059
971,Completed part 1 of 4 of Chapter 6.
972,Completed part 2 of 4 of Chapter 6.
973,Completed part 3 of 4 of Chapter 6.
974,Completed part 4 of 4 of Chapter 6.
975,ACM_EvCap064
976,ACM_EvCap065
977,ACM_EvCap066
978,ACM_EvCap067
979,ACM_EvCap068
980,ACM_EvCap069
981,Completed part 1 of 4 of Chapter 7.
982,Completed part 2 of 4 of Chapter 7.
983,Completed part 3 of 4 of Chapter 7.
984,Completed part 4 of 4 of Chapter 7.
985,ACM_EvCap074
986,ACM_EvCap075
987,ACM_EvCap076
988,ACM_EvCap077
989,ACM_EvCap078
990,ACM_EvCap079
991,Completed part 1 of 3 of Chapter 8.
992,Completed part 2 of 3 of Chapter 8.
993,Completed part 3 of 3 of Chapter 8.
994,ACM_EvCap083
995,ACM_EvCap084
996,ACM_EvCap085
997,ACM_EvCap086
998,ACM_EvCap087
999,ACM_EvCap088
1000,ACM_EvCap089
1001,Completed part 1 of 4 of Chapter 9.
1002,Completed part 2 of 4 of Chapter 9.
1003,Completed part 3 of 4 of Chapter 9.
1004,Completed part 4 of 4 of Chapter 9.
1005,ACM_EvCap094
1006,ACM_EvCap095
1007,ACM_EvCap096
1008,ACM_EvCap097
1009,ACM_EvCap098
1010,ACM_EvCap099
1011,Completed part 1 of 3 of Chapter 10.
1012,Completed part 2 of 3 of Chapter 10.
1013,Completed part 3 of 3 of Chapter 10.
1014,ACM_EvCap103
1015,ACM_EvCap104
1016,ACM_EvCap105
1017,ACM_EvCap106
1018,ACM_EvCap107
1019,ACM_EvCap108
1020,ACM_EvCap109
1021,Completed part 1 of 4 of Chapter 11.
1022,Completed part 2 of 4 of Chapter 11.
1023,Completed part 3 of 4 of Chapter 11.
1024,Completed part 4 of 4 of Chapter 11.
1025,ACM_EvCap114
1026,ACM_EvCap115
1027,ACM_EvCap116
1028,ACM_EvCap117
1029,ACM_EvCap118
1030,ACM_EvCap119
1031,Completed part 1 of 5 of Chapter 12.
1032,Completed part 2 of 5 of Chapter 12.
1033,Completed part 3 of 5 of Chapter 12.
1034,Completed part 4 of 5 of Chapter 12.
1035,Completed part 5 of 5 of Chapter 12.
1036,ACM_EvCap125
1037,ACM_EvCap126
1038,ACM_EvCap127
1039,ACM_EvCap128
1040,ACM_EvCap129
1041,ACM_QeCap000
1042,"Accepted a basic, normal, or affinity mission."
1043,"Completed a basic, normal, or affinity mission for the first time."
1044,"Completed a certain number of basic, normal,[ST:n ]or affinity missions."
1045,"Completed a certain number of basic, normal,[ST:n ]or affinity missions."
1046,"Completed a certain number of basic, normal,[ST:n ]or affinity missions."
1047,"Completed the mission \""BLADE Level Basics.\"""
1048,"Completed the mission \""The Skell License\"""
1049,"Completed the mission \""A Girl's Wings\"""
1050,Completed an online mission.
1051,Accepted a basic mission.
1052,Completed a basic mission for the first time.
1053,Completed a certain number of basic missions.
1054,Completed a certain number of basic missions.
1055,Completed a certain number of basic missions.
1056,Accepted an affinity mission.
1057,Completed an affinity mission for the first time.
1058,Completed a certain number of affinity missions.
1059,Completed a certain number of affinity missions.
1060,Completed a certain number of affinity missions.
1061,Completed a certain number of online missions.
1062,Completed a certain number of online missions.
1063,Completed a certain number of online missions.
1064,Failed an online mission.
1065,Contributed to a squad task for the first time.
1066,Contributed to squad tasks a certain number of times.
1067,Contributed to squad tasks a certain number of times.
1068,Contributed to squad tasks a certain number of times.
1069,ACM_QeCap028
1070,ACM_QeCap029
1071,ACM_QeCap030
1072,ACM_QeCap031
1073,ACM_QeCap032
1074,ACM_QeCap033
1075,ACM_QeCap034
1076,ACM_QeCap035
1077,ACM_QeCap036
1078,ACM_QeCap037
1079,ACM_QeCap038
1080,ACM_QeCap039
1081,ACM_QeCap040
1082,ACM_QeCap041
1083,Won a treasure deal for the first time.
1084,Unlocked a certain number of achievements.
1085,Unlocked a certain number of achievements.
1086,Filed a BLADE report for the first time.
1087,ACM_QeCap046
1088,ACM_QeCap047
1089,ACM_QeCap048
1090,ACM_QeCap049
1091,ACM_QeCap050
1092,ACM_QeCap051
1093,ACM_QeCap052
1094,ACM_QeCap053
1095,ACM_QeCap054
1096,ACM_QeCap055
1097,ACM_QeCap056
1098,ACM_QeCap057
1099,ACM_QeCap058
1100,ACM_QeCap059
1101,ACM_QeCap060
1102,ACM_QeCap061
1103,ACM_QeCap062
1104,"Accepted a number of normal, basic, or affinity missions[ST:n ]at once."
1105,Made a life-or-death decision during a certain mission.
1106,Helped make Yardley's unauthorized Lifepod a reality.
1107,"Completed the mission \""Black Lifehold.\"""
1108,"Completed the mission \""White Lifehold.\"""
1109,"Completed the mission \""Rise of the Blood Lobster.\"""
1110,"Completed the mission \""Gold Rush.\"""
1111,"Completed the mission \""Alex's Last Stand.\"""
1112,"Completed the mission \""Booming Business.\"""
1113,"Completed the mission \""The Probe-fessional.\"""
1114,"Completed the mission \""A New Frontier.\"""
1115,"Completed the mission \""Data Probe Revolution,\"""
1116,"Completed the mission \""The Platinum Membership.\"""
1117,"Completed the mission \""Murder Most Foul.\"""
1118,"Completed the mission \""Rites of Ruin.\"""
1119,"Completed the mission \""The Sword of Legendaryness.\"""
1120,"Completed the mission \""The Gauntlet.\"""
1121,"Completed the mission \""A Fateful Choice\"""
1122,"Completed the mission \""The Lurker.\"""
1123,"Completed the mission \""The Old Gods.\"""
1124,"Completed the mission \""Definian Downfall.\"""
1125,"Completed the mission \""Professorial.\"""
1126,"Completed the mission \""Lakeside Getaway.\"""
1127,"Completed the mission \""Predator and Prey.\"""
1128,"Completed the mission \""Sparking a Smile.\"""
1129,"Completed the mission \""Prone Sweet Prone.\"""
1130,"Completed the mission \""Cavern Crushers.\"""
1131,"Completed the mission \""BFFs.\"""
1132,"Completed the mission \""Rescue at the Ensconced Citadel.\"""
1133,"Completed the mission \""Dead Men Tell No Tales.\"""
1134,"Completed the mission \""A Challenger Approaches.\"""
1135,"Completed the mission \""Attack on Biahno Hills.\"""
1136,"Completed the mission \""Mystery Man.\"""
1137,"Completed the mission \""Manhunt.\"""
1138,"Completed the mission \""Good Fortun.\"""
1139,Accepted L into your party.
1140,Accepted Irina into your party.
1141,Accepted Gwin into your party.
1142,Accepted Lao into your party.
1143,Accepted Doug into your party.
1144,Accepted Nagi into your party.
1145,Accepted Celica into your party.
1146,ACM_QeCap105
1147,ACM_QeCap106
1148,ACM_QeCap107
1149,Accepted Frye into your party.
1150,Accepted Phog into your party.
1151,Accepted the Murderess into your party.
1152,ACM_QeCap111
1153,Accepted Hope into your party.
1154,Accepted Mia into your party.
1155,Met Elma during her off-duty hours.
1156,Met Lin during her off-duty hours.
1157,Met L during his off-duty hours.
1158,Met Irina during her off-duty hours.
1159,Met Gwin during his off-duty hours.
1160,ACM_QeCap119
1161,Met Doug during his off-duty hours.
1162,Met Nagi during his off-duty hours.
1163,Met Celica during her off-duty hours.
1164,ACM_QeCap123
1165,ACM_QeCap124
1166,ACM_QeCap125
1167,Met Frye during his off-duty hours.
1168,Met Phog during his off-duty hours.
1169,Met the Murderess during her off-duty hours.
1170,ACM_QeCap129
1171,Met Hope during her off-duty hours.
1172,Met Mia during her off-duty hours.
1173,Increased affinity with someone slightly.
1174,Increased affinity with someone moderately.
1175,Increased affinity with someone significantly.
1176,Reached maximum affinity with someone.
1177,Reached maximum affinity with Elma.
1178,Reached maximum affinity with Lin.
1179,Reached maximum affinity with L.
1180,Reached maximum affinity with Irina.
1181,Reached maximum affinity with Gwin.
1182,ACM_QeCap141
1183,Reached maximum affinity with Doug.
1184,Reached maximum affinity with Nagi.
1185,Reached maximum affinity with Celica.
1186,ACM_QeCap145
1187,ACM_QeCap146
1188,ACM_QeCap147
1189,Reached maximum affinity with Frye.
1190,Reached maximum affinity with Phog.
1191,Reached maximum affinity with the Murderess.
1192,ACM_QeCap151
1193,Reached maximum affinity with Hope.
1194,Reached maximum affinity with Mia.
1195,Gathered info for the first time.
1196,Gathered a certain amount of info.
1197,Gathered a certain amount of info.
1198,Gathered a certain amount of info.
1199,Gathered a certain amount of info.
1200,Gathered a certain amount of info.
1201,Gathered significant info for the first time.
1202,Gathered a certain amount of significant info.
1203,Gathered a certain amount of significant info.
1204,Gathered a certain amount of significant info.
1205,ACM_QeCap164
1206,ACM_QeCap165
1207,ACM_QeCap166
1208,ACM_QeCap167
1209,ACM_QeCap168
1210,ACM_QeCap169
1211,ACM_QeCap170
1212,ACM_QeCap171
1213,ACM_QeCap172
1214,ACM_QeCap173
1215,ACM_QeCap174
1216,ACM_QeCap175
1217,ACM_QeCap176
1218,ACM_ScCap000
1219,Won treasure deals a certain number of times.
1220,Won treasure deals a certain number of times.
1221,Won treasure deals a certain number of times.
1222,Presented an item to a treasure deal for the first time.
1223,Presented items to a treasure deal a certain number of times.
1224,Presented items to a treasure deal a certain number of times.
1225,Presented items to a treasure deal a certain number of times.
1226,Got scouted by another BLADE for the first time.
1227,Got scouted by other BLADEs a certain number of times.
1228,ACM_ScCap010
1229,ACM_ScCap011
1230,Scouted another BLADE for the first time.
1231,Scouted other BLADEs a certain number of times.
1232,Scouted other BLADEs a certain number of times.
1233,Scouted other BLADEs a certain number of times.
1234,ACM_ScCap016
1235,ACM_ScCap017
1236,ACM_ScCap018
1237,ACM_ScCap019
1238,ACM_ScCap020
1239,ACM_ScCap021
1240,Recommended another player's BLADE report for the first time.
1241,ACM_ScCap023
1242,ACM_ScCap024
1243,ACM_ScCap025
1244,Played online with other players a certain number of times.
1245,Played online with other players a certain number of times.
1246,Played online with other players a certain number of times.
1247,Unlocked a certain number of achievements.
1248,Unlocked all achievements.
1249,Increased Sakuraba Industries to Level 2.
1250,Increased Sakuraba Industries to Level 4.
1251,Increased Sakuraba Industries to Level 5.
1252,Increased Grenada Galactic to Level 2.
1253,Increased Grenada Galactic to Level 4.
1254,Increased Grenada Galactic to Level 5.
1255,Increased Candid & Credible to Level 2.
1256,Increased Candid & Credible to Level 4.
1257,Increased Candid & Credible to Level 5.
1258,Increased Meredith & Co. to Level 2.
1259,Increased Meredith & Co. to Level 4.
1260,Increased Meredith & Co. to Level 5.
1261,Increased Six Stars to Level 2.
1262,Increased Six Stars to Level 4.
1263,Increased Six Stars to Level 5.
1264,Increased Orphean Technologies to Level 2.
1265,Increased Orphean Technologies to Level 4.
1266,Increased Orphean Technologies to Level 5.
1267,Increased the Nopon Commerce Guild to Level 2.
1268,Increased the Nopon Commerce Guild to Level 4.
1269,Increased the Nopon Commerce Guild to Level 5.
1270,Increased Factory 1.21 to Level 2.
1271,Increased Factory 1.21 to Level 4.
1272,Increased Factory 1.21 to Level 5.
1273,Surpassed a certain number of characters on the Affinity Chart.
1274,Surpassed a certain number of characters on the Affinity Chart.
1275,Surpassed a certain number of characters on the Affinity Chart.
1276,Surpassed a certain number of characters on the Affinity Chart.
1277,Surpassed a certain number of characters on the Affinity Chart.
1278,Revealed a certain number of relationships between[ST:n ]characters on the Affinity Chart.
1279,Revealed a certain number of relationships between[ST:n ]characters on the Affinity Chart.
1280,Revealed a certain number of relationships between[ST:n ]characters on the Affinity Chart.
1281,Revealed a certain number of relationships between[ST:n ]characters on the Affinity Chart.
1282,Revealed a certain number of relationships between[ST:n ]characters on the Affinity Chart.
1283,Added a certain number of other players to the Affinity Chart.
1284,Added a certain number of other players to the Affinity Chart.
1285,Added a certain number of other players to the Affinity Chart.
1286,Customized the barracks for the first time.
1287,Customized the barracks a certain number of times.
1288,Customized the barracks a certain number of times.
1289,Obtained a certain number of holofigures.
1290,Obtained a certain number of holofigures.
1291,Obtained all holofigures.
1292,Displayed a holofigure in the barracks for the first time.
1293,Displayed a certain number of holofigures in the barracks.
1294,Displayed a certain number of holofigures in the barracks.
1295,Obtained a pet for the barracks.
1296,ACM_ScCap084
1297,ACM_ScCap085
1298,ACM_ScCap086
1299,ACM_ScCap087
1300,ACM_ScCap088
1301,ACM_ScCap089
1302,ACM_ScCap090
1303,ACM_ScCap091
1304,ACM_ScCap092
1305,ACM_ScCap093
1306,ACM_ScCap094
1307,ACM_ScCap095
1308,ACM_ScCap096
1309,ACM_ScCap097
1310,ACM_ScCap098
1311,ACM_ScCap099
1312,ACM_ScCap100
1313,ACM_ScCap101
1314,ACM_ScCap102
1315,ACM_ScCap103
1316,ACM_ScCap104
1317,ACM_ScCap105
1318,ACM_ScCap106
1319,ACM_ScCap107
1320,ACM_ScCap108
1321,ACM_ScCap109
1322,ACM_ScCap110
1323,ACM_ScCap111
1324,ACM_ScCap112
1325,ACM_ScCap113
1326,ACM_ScCap114
1327,ACM_ScCap115
1328,ACM_ScCap116
1329,ACM_ScCap117
1330,ACM_ScCap118
1331,ACM_ScCap119
1332,ACM_ScCap120
1333,ACM_ScCap121
1334,ACM_ScCap122
1335,ACM_ScCap123
1336,ACM_ScCap124
1337,ACM_ScCap125
1338,ACM_ScCap126
1339,ACM_ScCap127
1340,ACM_ScCap128
1341,ACM_ScCap129
1342,ACM_ScCap130
1343,ACM_ScCap131
1344,ACM_ScCap132
1345,ACM_ScCap133
1346,ACM_ScCap134
1347,ACM_ScCap135
1348,ACM_ScCap136
1349,ACM_ScCap137
1350,ACM_ScCap138
1351,ACM_ScCap139
1352,ACM_ScCap140
1353,ACM_ScCap141
1354,ACM_ScCap142
1355,ACM_ScCap143
1356,ACM_ScCap144
1357,ACM_ScCap145
1358,ACM_ScCap146
1359,Discovered a certain number of areas.
1360,Discovered a certain number of areas.
1361,Discovered a certain number of areas.
1362,Discovered a certain number of landmarks.
1363,Discovered a certain number of landmarks.
1364,Discovered a certain number of landmarks.
1365,Discovered a certain number of sightseeing spots[ST:n ](unexplored territories or scenic viewpoints).
1366,Discovered a certain number of sightseeing spots[ST:n ](unexplored territories or scenic viewpoints).
1367,Discovered a certain number of sightseeing spots[ST:n ](unexplored territories or scenic viewpoints).
1368,Discovered Primordia.
1369,Discovered Noctilum.
1370,Discovered Oblivia.
1371,Discovered Sylvalum.
1372,Discovered Cauldros.
1373,Discovered New Los Angeles.
1374,Discovered the Idyll Beach unexplored territory.
1375,Discovered the Stonelattice Cavern unexplored territory.
1376,Discovered the Turtle Nest unexplored territory.
1377,Discovered the Wonderment Bluff unexplored territory.
1378,Discovered the Rock Cavern unexplored territory.
1379,Discovered the Ensanguined Font unexplored territory.
1380,Discovered the Orochi's Belly unexplored territory.
1381,Discovered the Millstone Ridge unexplored territory.
1382,Discovered the Whale's Weeper unexplored territory.
1383,Discovered the Sentinel's Nest unexplored territory.
1384,Discovered the Beachside Trove unexplored territory.
1385,Discovered the Primeval Meadow unexplored territory.
1386,Discovered the Cryptic Sign unexplored territory.
1387,Discovered the Great Washington Isle unexplored territory.
1388,Discovered the Crater Oasis unexplored territory.
1389,Discovered the Quay Hollows unexplored territory.
1390,Discovered the Behemoth's Shadows unexplored territory.
1391,Discovered the Abyss Reservoir unexplored territory.
1392,Discovered the Sandsprint Cavity unexplored territory.
1393,Discovered the Noctilucent Sphere Interior unexplored territory.
1394,Discovered the Ganglion Antropolis unexplored territory.
1395,Discovered the Bandits' Refuge unexplored territory.
1396,Discovered the Kw'arah Cloister unexplored territory.
1397,Discovered the Headwater Cliff scenic viewpoint.
1398,Discovered the Talon Rock Prominence scenic viewpoint.
1399,Discovered the Yagami's Vista scenic viewpoint.
1400,Discovered the Decapotamon Vista scenic viewpoint.
1401,Discovered the Cascade Isle scenic viewpoint.
1402,Discovered the Atop the Giant Ring scenic viewpoint.
1403,Discovered the Azure Lagoon scenic viewpoint.
1404,Discovered the Kintrees scenic viewpoint.
1405,Discovered the Mount Edge Peak scenic viewpoint.
1406,Discovered the Xanadu Overlook scenic viewpoint.
1407,Discovered the Arc Rock scenic viewpoint.
1408,Discovered the White Phosphor Lake scenic viewpoint.
1409,Discovered the M'gando Mineral Spring scenic viewpoint.
1410,Surveyed a certain percentage of Primordia.
1411,Surveyed a certain percentage of Primordia.
1412,Surveyed a certain percentage of Primordia.
1413,Surveyed a certain percentage of Primordia.
1414,Surveyed all of Primordia.
1415,Surveyed a certain percentage of Noctilum.
1416,Surveyed a certain percentage of Noctilum.
1417,Surveyed a certain percentage of Noctilum.
1418,Surveyed a certain percentage of Noctilum.
1419,Surveyed all of Noctilum.
1420,Surveyed a certain percentage of Oblivia.
1421,Surveyed a certain percentage of Oblivia.
1422,Surveyed a certain percentage of Oblivia.
1423,Surveyed a certain percentage of Oblivia.
1424,Surveyed all of Oblivia.
1425,Surveyed a certain percentage of Sylvalum.
1426,Surveyed a certain percentage of Sylvalum.
1427,Surveyed a certain percentage of Sylvalum.
1428,Surveyed a certain percentage of Sylvalum.
1429,Surveyed all of Sylvalum.
1430,Surveyed a certain percentage of Cauldros.
1431,Surveyed a certain percentage of Cauldros.
1432,Surveyed a certain percentage of Cauldros.
1433,Surveyed a certain percentage of Cauldros.
1434,Surveyed all of Cauldros.
1435,Surveyed a certain percentage of NLA's industrial district.
1436,Surveyed a certain percentage of NLA's industrial district.
1437,Surveyed a certain percentage of NLA's industrial district.
1438,Surveyed a certain percentage of NLA's industrial district.
1439,Surveyed all of NLA's industrial district.
1440,Surveyed a certain percentage of NLA's commercial district.
1441,Surveyed a certain percentage of NLA's commercial district.
1442,Surveyed a certain percentage of NLA's commercial district.
1443,Surveyed a certain percentage of NLA's commercial district.
1444,Surveyed all of NLA's commercial district.
1445,Surveyed a certain percentage of NLA's residential district.
1446,Surveyed a certain percentage of NLA's residential district.
1447,Surveyed a certain percentage of NLA's residential district.
1448,Surveyed a certain percentage of NLA's residential district.
1449,Surveyed all of NLA's residential district.
1450,Surveyed a certain percentage of NLA's administrative district.
1451,Surveyed a certain percentage of NLA's administrative district.
1452,Surveyed a certain percentage of NLA's administrative district.
1453,Surveyed a certain percentage of NLA's administrative district.
1454,Surveyed all of NLA's administrative district.
1455,Surveyed a certain percentage of the Ma-non ship.
1456,Surveyed a certain percentage of the Ma-non ship.
1457,Surveyed a certain percentage of the Ma-non ship.
1458,Surveyed a certain percentage of the Ma-non ship.
1459,Surveyed all of the Ma-non ship.
1460,Surveyed a certain percentage of the BLADE barracks.
1461,Surveyed a certain percentage of the BLADE barracks.
1462,Surveyed a certain percentage of the BLADE barracks.
1463,Surveyed a certain percentage of the BLADE barracks.
1464,Surveyed all of the BLADE barracks.
1465,Surveyed all of planet Mira.
1466,Obtained a collectible for the first time.
1467,Obtained a certain number of collectibles.
1468,Obtained a certain number of collectibles.
1469,Obtained a certain number of collectibles.
1470,Registered an item to the Collectopedia.
1471,Registered an item to a Lucky Panel in the Collectopedia.
1472,Completed a row in the Collectopedia for the first time.
1473,Completed a certain number of rows in the Collectopedia.
1474,Completed a category in the Collectopedia for the first time.
1475,Completed a certain number of categories in the Collectopedia.
1476,Completed all categories in the Collectopedia.
1477,Completed a region in the Collectopedia for the first time.
1478,Completed all regions in the Collectopedia.
1479,Completed the Collectopedia!
1480,Opened a field treasure for the first time.
1481,Opened a certain number of field treasures.
1482,Opened a certain number of field treasures.
1483,Opened a certain number of field treasures.
1484,Increased your biological field-skill level.
1485,Increased your mechanical field-skill level.
1486,Increased your archaeological field-skill level.
1487,Maximized all field skills.
1488,Completed field actions a certain number of times.
1489,Completed field actions a certain number of times.
1490,Completed field actions a certain number of times.
1491,Installed a certain number of data probes.
1492,Installed a certain number of data probes.
1493,Installed a certain number of data probes.
1494,Installed adjacent probes to form a three-probe chain.
1495,Installed adjacent probes to form a five-probe chain.
1496,Installed adjacent probes to form a eight-probe chain.
1497,Earned a certain amount of FrontierNav revenue.
1498,Earned a certain amount of FrontierNav revenue.
1499,Earned a certain amount of FrontierNav revenue.
1500,Mined a certain amount of miranium.
1501,Mined a certain amount of miranium.
1502,Mined a certain amount of miranium.
1503,Used fast travel for the first time.
1504,Used fast travel a certain number of times.
1505,Used fast travel a certain number of times.
1506,Used fast travel a certain number of times.
1507,Fell into a pit for the first time.
1508,Fell into pits a certain number of times.
1509,Saw rain/thunderstorms/heavy rain a certain number of times.
1510,Saw rain/thunderstorms/heavy rain a certain number of times.
1511,Purchased a Skell for the first time.
1512,Purchased a certain number of Skells.
1513,Purchased a certain number of Skells.
1514,Boarded a Skell for the first time.
1515,Ran out of Skell fuel for the first time.
1516,ACM_FlCap157
1517,ACM_FlCap158
1518,ACM_FlCap159
1519,Accumulated a certain number of credits.
1520,Accumulated a certain number of credits.
1521,Accumulated a certain number of credits.
1522,Spent a certain number of credits.
1523,Spent a certain number of credits.
1524,Spent a certain number of credits.
1525,Added a certain number of augment slots.
1526,Added a certain number of augment slots.
1527,Added a certain number of augment slots.
1528,Obtained a swimsuit.
1529,Wore a swimsuit.
1530,ACM_FlCap171
1531,ACM_FlCap172
1532,ACM_FlCap173
1533,Reached a certain BLADE level.
1534,Reached a certain BLADE level.
1535,ACM_FlCap176
1536,ACM_FlCap177
1537,ACM_FlCap178
1538,Spoke with characters a certain number of times.
1539,Spoke with characters a certain number of times.
1540,Spoke with characters a certain number of times.
1541,Spoke with female characters a certain number of times.
1542,Spoke with male characters a certain number of times.
1543,Spoke with xenoforms a certain number of times.
1544,Delivered a final blow to a Global Nemesis.
1545,Took RP from a Global Nemesis for the first time.
1546,Took a certain amount of RP from Global Nemeses.
1547,Took a certain amount of RP from Global Nemeses.
1548,Took a certain amount of RP from Global Nemeses.
1549,Killed a golden-crown tyrant.
1550,Opened a treasure from battle spoils for the first time.
1551,Opened treasures from battle spoils a certain number of times.
1552,Opened a gold treasure from battle spoils for the first time.
1553,Opened gold treasures from battle spoils[ST:n ]a certain number of times.
1554,Opened silver treasures from battle spoils[ST:n ]a certain number of times.
1555,Opened bronze treasures from battle spoils[ST:n ]a certain number of times.
1556,Revived an incapacitated party member.
1557,Got revived from incapacitation by a party member.
1558,Destroyed an enemy appendage for the first time.
1559,Destroyed enemy appendages a certain number of times.
1560,Destroyed enemy appendages a certain number of times.
1561,Destroyed enemy appendages a certain number of times.
1562,Wiped out the entire party for the first time.
1563,Wiped out the entire party a certain number of times.
1564,Wiped out the entire party a certain number of times.
1565,Wiped out the entire party a certain number of times.
1566,Wrecked a Skell for the first time.
1567,Wrecked Skells a certain number of times.
1568,Reached a certain level.
1569,Reached a certain level.
1570,Reached a certain level.
1571,Reached a certain level.
1572,Reached a certain level.
1573,Reached a certain level.
1574,Learned a certain number of class skills.
1575,Learned a certain number of class skills.
1576,Learned a certain number of class skills.
1577,Learned new Arts a certain number of times.[ST:n ](Arts learned simultaneously count as one.)
1578,Learned new Arts a certain number of times.[ST:n ](Arts learned simultaneously count as one.)
1579,Learned new Arts a certain number of times.[ST:n ](Arts learned simultaneously count as one.)
1580,Reached the maximum Drifter rank.
1581,Reached the maximum Striker rank.
1582,Reached the maximum Samurai Gunner rank.
1583,Reached the maximum Duelist rank.
1584,Reached the maximum Shield Trooper rank.
1585,Reached the maximum Bastion Warrior rank.
1586,Reached the maximum Commando rank.
1587,Reached the maximum Winged Viper rank.
1588,Reached the maximum Full Metal Jaguar rank.
1589,Reached the maximum Partisan Eagle rank.
1590,Reached the maximum Astral Crusader rank.
1591,Reached the maximum Enforcer rank.
1592,Reached the maximum Psycorruptor rank.
1593,Reached the maximum Mastermind rank.
1594,Reached the maximum Blast Fencer rank.
1595,Reached the maximum Galactic Knight rank.
1596,ACM_BtCap052
1597,ACM_BtCap053
1598,ACM_BtCap054
1599,ACM_BtCap055
1600,Won a battle with single-digit HP remaining.
1601,Won a battle with 777 HP remaining.
1602,ACM_BtCap058
1603,Completed an online mission with no equipment besides[ST:n ]weapons.
1604,Defeated 100 enemies with no equipment besides weapons.
1605,Revived party members a certain number of times during[ST:n ]online missions.
1606,Successfully used a Soul Voice for the first time.
1607,Successfully used Soul Voices a certain number of times.
1608,Successfully used Soul Voices a certain number of times.
1609,Successfully used Soul Voices a certain number of times.
1610,ACM_BtCap066
1611,ACM_BtCap067
1612,ACM_BtCap068
1613,ACM_BtCap069
1614,ACM_BtCap070
1615,Received division support from the Harriers.
1616,Received division support from the Interceptors.
1617,Received division support from the Pathfinders.
1618,Received division support from the Curators.
1619,Received division support from the Prospectors.
1620,Received division support from the Outfitters.
1621,Received division support from the Reclaimers.
1622,Received division support from the Mediators.
1623,Received division support a certain number of times.
1624,Received division support a certain number of times.
1625,ACM_EnCap000
1626,ACM_EnCap001
1627,ACM_EnCap002
1628,Defeated a certain number of puges.
1629,Defeated a certain number of puges.
1630,Defeated a certain number of puges.
1631,Defeated a certain number of pugiliths.
1632,Defeated a certain number of pugiliths.
1633,Defeated a certain number of pugiliths.
1634,Defeated a certain number of Galdr.
1635,Defeated a certain number of Galdr.
1636,Defeated a certain number of Galdr.
1637,Defeated a certain number of quos.
1638,Defeated a certain number of quos.
1639,Defeated a certain number of quos.
1640,Defeated a certain number of oc-servs.
1641,Defeated a certain number of oc-servs.
1642,Defeated a certain number of oc-servs.
1643,Defeated a certain number of Qmoevas.
1644,Defeated a certain number of Qmoevas.
1645,Defeated a certain number of Qmoevas.
1646,Defeated a certain number of Seidr.
1647,Defeated a certain number of Seidr.
1648,Defeated a certain number of Seidr.
1649,Defeated a certain number of Xern.
1650,Defeated a certain number of Xern.
1651,Defeated a certain number of Xern.
1652,Defeated a certain number of shrads.
1653,Defeated a certain number of shrads.
1654,Defeated a certain number of shrads.
1655,Defeated a certain number of xe-dom.
1656,Defeated a certain number of xe-dom.
1657,Defeated a certain number of xe-dom.
1658,Defeated a certain number of zigs.
1659,Defeated a certain number of zigs.
1660,Defeated a certain number of zigs.
1661,Defeated a certain number of fal-swo.
1662,Defeated a certain number of fal-swo.
1663,Defeated a certain number of fal-swo.
1664,Defeated a certain number of Marnucks.
1665,Defeated a certain number of Marnucks.
1666,Defeated a certain number of Marnucks.
1667,Defeated a certain number of Milsaadi.
1668,Defeated a certain number of Milsaadi.
1669,Defeated a certain number of Milsaadi.
1670,Defeated a certain number of Sylooth.
1671,Defeated a certain number of Sylooth.
1672,Defeated a certain number of Sylooth.
1673,Defeated a certain number of Gularth.
1674,Defeated a certain number of Gularth.
1675,Defeated a certain number of Gularth.
1676,Defeated a certain number of Prone.
1677,Defeated a certain number of Prone.
1678,Defeated a certain number of Prone.
1679,Defeated a certain number of Definians.
1680,Defeated a certain number of Definians.
1681,Defeated a certain number of Definians.
1682,Defeated a certain number of petramands.
1683,Defeated a certain number of petramands.
1684,Defeated a certain number of petramands.
1685,Defeated a certain number of scirpos.
1686,Defeated a certain number of scirpos.
1687,Defeated a certain number of scirpos.
1688,Defeated a certain number of forfexes.
1689,Defeated a certain number of forfexes.
1690,Defeated a certain number of forfexes.
1691,Defeated a certain number of ciniculas.
1692,Defeated a certain number of ciniculas.
1693,Defeated a certain number of ciniculas.
1694,Defeated a certain number of falsaxum.
1695,Defeated a certain number of falsaxum.
1696,Defeated a certain number of falsaxum.
1697,Defeated a certain number of vivohasts.
1698,Defeated a certain number of vivohasts.
1699,Defeated a certain number of vivohasts.
1700,Defeated a certain number of thalluses.
1701,Defeated a certain number of thalluses.
1702,Defeated a certain number of thalluses.
1703,Defeated a certain number of tectinsulas.
1704,Defeated a certain number of tectinsulas.
1705,Defeated a certain number of tectinsulas.
1706,Defeated a certain number of arenatects.
1707,Defeated a certain number of arenatects.
1708,Defeated a certain number of arenatects.
1709,Defeated a certain number of blattas.
1710,Defeated a certain number of blattas.
1711,Defeated a certain number of blattas.
1712,Defeated a certain number of turbas.
1713,Defeated a certain number of turbas.
1714,Defeated a certain number of turbas.
1715,Defeated a certain number of adseculas.
1716,Defeated a certain number of adseculas.
1717,Defeated a certain number of adseculas.
1718,Defeated a certain number of papils.
1719,Defeated a certain number of papils.
1720,Defeated a certain number of papils.
1721,Defeated a certain number of germivores.
1722,Defeated a certain number of germivores.
1723,Defeated a certain number of germivores.
1724,Defeated a certain number of sabulas.
1725,Defeated a certain number of sabulas.
1726,Defeated a certain number of sabulas.
1727,Defeated a certain number of ictuses.
1728,Defeated a certain number of ictuses.
1729,Defeated a certain number of ictuses.
1730,Defeated a certain number of aeviters.
1731,Defeated a certain number of aeviters.
1732,Defeated a certain number of aeviters.
1733,Defeated a certain number of lophids.
1734,Defeated a certain number of lophids.
1735,Defeated a certain number of lophids.
1736,Defeated a certain number of purgovents.
1737,Defeated a certain number of purgovents.
1738,Defeated a certain number of purgovents.
1739,Defeated a certain number of duoguills.
1740,Defeated a certain number of duoguills.
1741,Defeated a certain number of duoguills.
1742,Defeated a certain number of scintimures.
1743,Defeated a certain number of scintimures.
1744,Defeated a certain number of scintimures.
1745,Defeated a certain number of aetrygons.
1746,Defeated a certain number of aetrygons.
1747,Defeated a certain number of aetrygons.
1748,Defeated a certain number of xiphias.
1749,Defeated a certain number of xiphias.
1750,Defeated a certain number of xiphias.
1751,Defeated a certain number of balaenas.
1752,Defeated a certain number of balaenas.
1753,Defeated a certain number of balaenas.
1754,Defeated a certain number of cetos.
1755,Defeated a certain number of cetos.
1756,Defeated a certain number of cetos.
1757,Defeated a certain number of grexes.
1758,Defeated a certain number of grexes.
1759,Defeated a certain number of grexes.
1760,Defeated a certain number of caro.
1761,Defeated a certain number of caro.
1762,Defeated a certain number of caro.
1763,Defeated a certain number of vigents.
1764,Defeated a certain number of vigents.
1765,Defeated a certain number of vigents.
1766,Defeated a certain number of viragoes.
1767,Defeated a certain number of viragoes.
1768,Defeated a certain number of viragoes.
1769,Defeated a certain number of monoceroses.
1770,Defeated a certain number of monoceroses.
1771,Defeated a certain number of monoceroses.
1772,Defeated a certain number of progen.
1773,Defeated a certain number of progen.
1774,Defeated a certain number of progen.
1775,Defeated a certain number of simius.
1776,Defeated a certain number of simius.
1777,Defeated a certain number of simius.
1778,Defeated a certain number of cantors.
1779,Defeated a certain number of cantors.
1780,Defeated a certain number of cantors.
1781,Defeated a certain number of aprica.
1782,Defeated a certain number of aprica.
1783,Defeated a certain number of aprica.
1784,Defeated a certain number of cervuses.
1785,Defeated a certain number of cervuses.
1786,Defeated a certain number of cervuses.
1787,Defeated a certain number of suids.
1788,Defeated a certain number of suids.
1789,Defeated a certain number of suids.
1790,Defeated a certain number of ovis.
1791,Defeated a certain number of ovis.
1792,Defeated a certain number of ovis.
1793,Defeated a certain number of millesaurs.
1794,Defeated a certain number of millesaurs.
1795,Defeated a certain number of millesaurs.
1796,Defeated a certain number of coronids.
1797,Defeated a certain number of coronids.
1798,Defeated a certain number of coronids.
1799,Defeated a certain number of evellos.
1800,Defeated a certain number of evellos.
1801,Defeated a certain number of evellos.
1802,Defeated a certain number of caecuses.
1803,Defeated a certain number of caecuses.
1804,Defeated a certain number of caecuses.
1805,Defeated a certain number of insidias.
1806,Defeated a certain number of insidias.
1807,Defeated a certain number of insidias.
1808,Defeated a certain number of sphinxes.
1809,Defeated a certain number of sphinxes.
1810,Defeated a certain number of sphinxes.
1811,Defeated a certain number of gerrids.
1812,Defeated a certain number of gerrids.
1813,Defeated a certain number of gerrids.
1814,Defeated a certain number of lepyxes.
1815,Defeated a certain number of lepyxes.
1816,Defeated a certain number of lepyxes.
1817,Defeated a certain number of mortifoles.
1818,Defeated a certain number of mortifoles.
1819,Defeated a certain number of mortifoles.
1820,Defeated a certain number of sacrifoles.
1821,Defeated a certain number of sacrifoles.
1822,Defeated a certain number of sacrifoles.
1823,Defeated a certain number of auravises.
1824,Defeated a certain number of auravises.
1825,Defeated a certain number of auravises.
1826,Defeated a certain number of jaculs.
1827,Defeated a certain number of jaculs.
1828,Defeated a certain number of jaculs.
1829,Defeated a certain number of levitath.
1830,Defeated a certain number of levitath.
1831,Defeated a certain number of levitath.
1832,Defeated a certain number of colubrims.
1833,Defeated a certain number of colubrims.
1834,Defeated a certain number of colubrims.
1835,Defeated a certain number of millepods.
1836,Defeated a certain number of millepods.
1837,Defeated a certain number of millepods.
1838,Defeated a certain number of unafulges.
1839,Defeated a certain number of unafulges.
1840,Defeated a certain number of unafulges.
1841,Defeated a certain number of visigels.
1842,Defeated a certain number of visigels.
1843,Defeated a certain number of visigels.
1844,Defeated a certain number of filiavents.
1845,Defeated a certain number of filiavents.
1846,Defeated a certain number of filiavents.
1847,Defeated a certain number of Yggralith.
1848,Defeated a certain number of Yggralith.
1849,Defeated a certain number of Yggralith.
1850,Defeated a certain number of Telethia.
1851,Defeated a certain number of Telethia.
1852,Defeated a certain number of Telethia.
1853,Defeated a certain number of vespers.
1854,Defeated a certain number of vespers.
1855,Defeated a certain number of vespers.
1856,Defeated a certain number of murras.
1857,Defeated a certain number of murras.
1858,Defeated a certain number of murras.
1859,Defeated a certain number of terebras.
1860,Defeated a certain number of terebras.
1861,Defeated a certain number of terebras.
1862,Defeated a certain number of mephites.
1863,Defeated a certain number of mephites.
1864,Defeated a certain number of mephites.
1865,Defeated a certain number of saltats.
1866,Defeated a certain number of saltats.
1867,Defeated a certain number of saltats.
1868,Defeated a certain number of liceors.
1869,Defeated a certain number of liceors.
1870,Defeated a certain number of liceors.
1871,Defeated a certain number of potamuses.
1872,Defeated a certain number of potamuses.
1873,Defeated a certain number of potamuses.
1874,Defeated a certain number of diluses.
1875,Defeated a certain number of diluses.
1876,Defeated a certain number of diluses.
1877,Defeated a certain number of tersquals.
1878,Defeated a certain number of tersquals.
1879,Defeated a certain number of tersquals.
1880,Defeated a certain number of tainted.
1881,Defeated a certain number of tainted.
1882,Defeated a certain number of tainted.
1883,ACM_EnCap258
1884,ACM_EnCap259
1885,ACM_EnCap260
1886,ACM_EnCap261
1887,ACM_EnCap262
1888,ACM_EnCap263
1889,ACM_EnCap264
1890,ACM_EnCap265
1891,ACM_EnCap266
1892,ACM_EnCap267
1893,ACM_EnCap268
1894,ACM_EnCap269
1895,The View from Skygazer's Atrium
1896,Discovered the Skygazer's Atrium scenic viewpoint.
1897,Finding the Infernal Ledges
1898,Recalling the Forgotten Mining Frigates
1899,Upon the O'rrh Sim Castle Ruins
1900,At the M'gando Volcanic Crater
1901,Venturing Beneath O'rrh Sim Keep
1902,Discovered the Infernal Ledges unexplored territory.
1903,Discovered the Forgotten Mining Frigates scenic viewpoint.
1904,Discovered the O'rrh Sim Castle Ruins scenic viewpoint.
1905,Discovered the M'gando Volcanic Crater scenic viewpoint.
1906,Discovered the Beneath O'rrh Sim Keep scenic viewpoint.
1907,BLADE Mission Novice
1908,BLADE Mission Expert
1909,BLADE Mission Master
1910,Completed a BLADE mission for the first time.
1911,Completed a certain number of BLADE missions.
1912,Completed a certain number of BLADE missions.
