label {9},style {2},name {7}
MultiQuestTitle001,20,
MultiQuestTitle002,20,
MultiQuestTitle003,20,
MultiQuestTitle004,20,
MultiQuestTitle005,20,
MultiQuestTitle006,20,
MultiQuestTitle007,20,
MultiQuestTitleSQ001,20,Kopflos in Oblivia
MultiQuestTitleSQ002,20,
MultiQuestTitleSQ003,20,Legendärer Drachenkönig
MultiQuestTitleSQ004,20,Unbekannte Skells
MultiQuestTitleSQ005,20,Kampf dem Söldner
MultiQuestTitleSQ006,20,Ätherpanik
MultiQuestTitleSQ007,20,
MultiQuestTitleSQ008,20,Industriespionage
MultiQuestTitleSQ009,20,Ein neuer Feind
MultiQuestTitleSQ010,20,Auftritt des Riesenwurms
MultiQuestTitleSQ011,20,
MultiQuestTitleSQ012,20,Vom Regen in die Traufe
MultiQuestTitleSQ013,20,Finstere Xenos
MultiQuestTitleSQ014,20,
MultiQuestTitleSQ015,20,
MultiQuestTitleSQ016,20,Marnuckenbande
MultiQuestTitleSQ017,20,Strippenzieher
MultiQuestTitleSQ018,20,Die zwei Störenfriede
MultiQuestTitleSQ019,20,
MultiQuestTitleSQ020,20,Dicker Fisch
MultiQuestTitleSQ021,20,Stürmische Hitze
MultiQuestTitleSQ022,20,Haustiere entlaufen!
MultiQuestTitleSQ023,20,Der Herr des Waldes
MultiQuestTitleSQ024,20,Kollateralschaden
MultiQuestTitleSQ025,20,Versuchskaninchen
MultiQuestTitleSQ026,20,Der Wütende Wächter
MultiQuestTitleSQ027,20,Seltsame Symbiose
MultiQuestTitleSQ028,20,Mörderischer Millepod
MultiQuestTitleSQ029,20,
MultiQuestTitleSQ030,20,Wenn zwei sich streiten...
MultiQuestTitleSQ031,20,Gierige Grexe
MultiQuestTitleSQ032,20,Das Vesper-Nest
MultiQuestTitleSQ033,20,Gereizte Krabbler
MultiQuestTitleSQ034,20,Schädlingsplage
MultiQuestTitleSQ035,20,Wettrüsten
MultiQuestTitleSQ036,20,Überraschungsangriff
MultiQuestTitleSQ037,20,Garstige Gewächse
MultiQuestTitleSQ038,20,Schädlingsbekämpfung
MultiQuestTitleSQ039,20,Listige Lamellen
MultiQuestTitleSQ040,20,Die graue Eminenz
MultiQuestTitleSQ041,20,Schritt für Schritt
MultiQuestTitleSQ042,20,Rätselhafte Botschaft
MultiQuestTitleSQ043,20,Bis hier und nicht weiter!
MultiQuestTitleSQ044,20,Die Wut des Waldes
MultiQuestTitleSQ045,20,Rachsüchtige Riesenkäfer
MultiQuestTitleSQ046,20,Kein Lebenszeichen
MultiQuestTitleSQ047,20,Karawanenkrise
MultiQuestTitleSQ048,20,Gefährliches Dickicht
MultiQuestTitleSQ049,20,Waljagd
MultiQuestTitleSQ050,20,Nützliche Allesfresser
MultiQuestTitleSQ051,20,Bauarbeit auf Halde
MultiQuestTitleSQ052,20,Die Macht des Äthers
MultiQuestTitleSQ053,20,Pugen-Pirsch
MultiQuestTitleSQ054,20,Karnivoren-Petramande
MultiQuestTitleSQ055,20,Mysteriöse Mimikry
MultiQuestTitleSQ056,20,Quälgeist
MultiQuestTitleSQ057,20,Fürchterköstliche Eier
MultiQuestTitleSQ058,20,Aus dem Weg!
MultiQuestTitleSQ059,20,Mütterlicher Zorn
MultiQuestTitleSQ060,20,Das Spinnennest
MultiQuestTitleSQ061,20,Tobende Schwingen
MultiQuestTitleSQ062,20,Wandersonden
MultiQuestTitleSQ063,20,Monstermigration
MultiQuestTitleSQ064,20,Saltatbrigade
MultiQuestTitleSQ065,20,Das Ausbadekommando
MultiQuestTitleSQ066,20,Radau im Noctilum
MultiQuestTitleSQ067,20,Leichenschmaus
MultiQuestTitleSQ068,20,Evellotion
MultiQuestTitleSQ069,20,Die Vögel
MultiQuestTitleSQ070,20,Importsellerie
MultiQuestTitleSQ071,20,Streunende Mortifolen
MultiQuestTitleSQ072,20,Krabbenkloppen
MultiQuestTitleSQ073,20,Präventiveinsatz
MultiQuestTitleSQ074,20,Fliegende Felsen
MultiQuestTitleSQ075,20,Wer zuerst kommt...
MultiQuestTitleSQ076,20,Exotische Küche
MultiQuestTitleSQ077,20,Grimmige Potamusse
MultiQuestTitleSQ078,20,Nebulöses Kriechtier
MultiQuestTitleSQ079,20,Marnucken-Truppen
MultiQuestTitleSQ080,20,Auf Nummer sicher
MultiQuestTitleSQ081,20,Hinterhalt
MultiQuestTitleSQ082,20,Monstermaskerade
MultiQuestTitleSQ083,20,In neuen Sphären
MultiQuestTitleSQ084,20,Der Grex muss weg
MultiQuestTitleSQ085,20,Ressourcen-Räuber
MultiQuestTitleSQ086,20,Mitternachtssnack
MultiQuestTitleSQ087,20,Überfall auf Ganglion
MultiQuestTitleSQ088,20,Diebstahl lohnt sich nicht
MultiQuestTitleSQ089,20,Ärger in der Nachbarschaft
MultiQuestTitleSQ090,20,Hitzige Gefechte
MultiQuestTitleSQ091,20,Einsamer Riese
MultiQuestTitleSQ092,20,Ablenkungsmanöver
MultiQuestTitleSQ093,20,Der Elektro-Fisch
MultiQuestTitleSQ094,20,Die Spitze des Eisbergs
MultiQuestTitleSQ095,20,In die Höhle des Löwen
MultiQuestTitleSQ096,20,Öko-Tohuwabohu
MultiQuestTitleSQ097,20,Die Quelle des Bösen
MultiQuestTitleSQ098,20,Das Jacul-Nest
MultiQuestTitleSQ099,20,Aus dem Gleichgewicht
MultiQuestTitleSQ100,20,Von Vögeln und Fischen
MultiQuestTitleSQ101,20,Kontamination
MultiQuestTitleSQ102,20,Organischer Generator
MultiQuestTitleSQ103,20,Der Ausgestoßene
MultiQuestTitleSQ104,20,Ganglion-VIP
MultiQuestTitleSQ105,20,Alarmierender Fund
MultiQuestTitleSQ106,20,Ameisenfarm
MultiQuestTitleSQ107,20,Wasseraufbereitung
MultiQuestTitleSQ108,20,Die Wrothianischen Vier
MultiQuestTitleSQ109,20,Kaltblütige Cantores
MultiQuestTitleSQ110,20,Mordskerle
MultiQuestTitleSQ111,20,Mich laust der Simius
MultiQuestTitleSQ112,20,Ein herber Verlust
MultiQuestTitleSQ113,20,Die Dreckspatzen
MultiQuestTitleSQ114,20,Fischen im Trüben
MultiQuestTitleSQ115,20,Abtrünnige Krieger
MultiQuestTitleSQ116,20,Wasser-Hegemonie
MultiQuestTitleSQ117,20,Die Bestienbändiger
MultiQuestTitleSQ118,20,Im Blaufleth
MultiQuestTitleSQ119,20,Revierverhalten
MultiQuestTitleSQ120,20,Marnucken gesucht
MultiQuestTitleSQ121,20,Riesenvogel-Radau
MultiQuestTitleSQ122,20,Gepflegter Geselle
MultiQuestTitleSQ123,20,Freakshow
MultiQuestTitleSQ124,20,In feindlichem Gebiet
MultiQuestTitleSQ125,20,Cinicula-Zinnober
MultiQuestTitleSQ126,20,Ausgeschwärmt
MultiQuestTitleSQ127,20,Verstörte Progenitoren
MultiQuestTitleSQ128,20,Wilde Hatz
MultiQuestTitleSQ129,20,Beuterecht
MultiQuestTitleSQ130,20,Geheime Fracht
MultiQuestTitleSQ131,20,Bestürzte Botaniker
MultiQuestTitleSQ132,20,Betreten verboten!
MultiQuestTitleSQ133,20,Fiese Früchtchen
MultiQuestTitleSQ134,20,Einheimische Geizkragen
MultiQuestTitleSQ135,20,Schlafende Hunde
MultiQuestTitleSQ136,20,Fliegende Früchtchen
MultiQuestTitleSQ137,20,
MultiQuestTitleSQ138,20,
MultiQuestTitleSQ139,20,
MultiQuestTitleSQ140,20,
MultiQuestTitleSQ141,20,
MultiQuestTitleSQ142,20,
MultiQuestTitleSQ143,20,
MultiQuestTitleSQ144,20,
MultiQuestTitleSQ145,20,
MultiQuestTitleSQ146,20,
MultiQuestTitleSQ147,20,
MultiQuestTitleSQ148,20,
MultiQuestTitleSQ149,20,
MultiQuestTitleSQ150,20,
MultiQuestTitleSQ151,20,
MultiQuestTitleSQ152,20,
MultiQuestTitleSQ153,20,
MultiQuestTitleSQ154,20,
MultiQuestTitleSQ155,20,
MultiQuestTitleSQ156,20,
MultiQuestTitleSQ157,20,Mit dem Falschen angelegt
MultiQuestTitleSQ158,20,Blatta-Belästigung
MultiQuestTitleSQ159,20,Revierkämpfe
MultiQuestTitleSQ160,20,Parasitenbefall
MultiQuestTitleSQ161,20,Rachegelüste
MultiQuestTitleSQ162,20,Der Schatz der Nopon
MultiQuestTitleSQ163,20,Angriff der Riesenbestie
MultiQuestTitleSQ164,20,Gnadenschuss
MultiQuestTitleSQ165,20,Rettungseinsatz
MultiQuestTitleSQ166,20,Der Türsteher
MultiQuestTitleSQ167,20,Prone-Provokation
MultiQuestTitleSQ168,20,Panikmache
MultiQuestTitleSQ169,20,Lufthoheit über Oblivia
MultiQuestTitleSQ170,20,Die Krawallmacher
MultiQuestTitleSQ171,20,Unbeseelte Flugobjekte
MultiQuestTitleSQ172,20,Die Wilderer
MultiQuestTitleSQ173,20,Gefährliche Gefährten
MultiQuestTitleSQ174,20,Feuer und Flamme
MultiQuestTitleSQ175,20,Vakuum-Filiavent
MultiQuestTitleSQ176,20,Freie Fahrt
MultiQuestTitleSQ177,20,Keine Verschnaufpause
MultiQuestTitleSQ178,20,Wirre Wälder
MultiQuestTitleSQ179,20,Hitzköpfige Bedrohung
MultiQuestTitleSQ180,20,Von Jägern und Gejagten
MultiQuestTitleSQ181,20,Ungeladene Gäste
MultiQuestTitleSQ182,20,Entsetzte Insekten
MultiQuestTitleSQ183,20,Naturkatastrophe
MultiQuestTitleSQ184,20,Shrad-Forschungslabor
MultiQuestTitleSQ185,20,Der Skell-Fund
MultiQuestTitleSQ186,20,Ein altes Sprichwort
MultiQuestTitleSQ187,20,
MultiQuestTitleSQ188,20,
MultiQuestTitleSQ189,20,
MultiQuestTitleSQ190,20,
MultiQuestTitleSQ191,20,
MultiQuestTitleSQ192,20,
MultiQuestTitleSQ193,20,
MultiQuestTitleSQ194,20,
MultiQuestTitleSQ195,20,
MultiQuestTitleSQ196,20,
MultiQuestTitleSQ197,20,
MultiQuestTitleSQ198,20,
MultiQuestTitleSQ199,20,
MultiQuestTitleSQ200,20,
MultiQuestTitleSQ201,20,Hüter des Planeten
MultiQuestTitleSQ202,20,Die Seele des Planeten
MultiQuestTitleSQ203,20,Die letzte Bedrohung
MultiQuestTitleSQ204,20,Xeno aus der Tiefe
MultiQuestTitleSQ205,20,Die hitzige Bestie
MultiQuestTitleSQ206,20,Die Schöne und das Biest
MultiQuestTitleSQ207,20,Seine Majestät
MultiQuestTitleSQ208,20,Der Elitekrieger
MultiQuestTitleSQ209,20,Das dunkle Phantom
MultiQuestTitleSQ210,20,
MultiQuestTitleSQ211,20,
MultiQuestTitleSQ212,20,Unbekannte Zwillinge
MultiQuestTitleSQ213,20,Des Wahnsinns fette Beute
DLCQuestTitleSQ001,20,Harmlose Ovisse
DLCQuestTitleSQ002,20,Der Bataillonskommandeur
DLCQuestTitleSQ003,20,Prone-Zähmung
DLCQuestTitleSQ004,20,Prone-Dressur
DLCQuestTitleSQ005,20,Leuchten in der Nacht
DLCQuestTitleSQ006,20,Schwarmintelligenz
DLCQuestTitleSQ007,20,Legenden zufolge
DLCQuestTitleSQ008,20,Trau deinen Augen
DLCQuestTitleSQ009,20,Mobile Artillerie
DLCQuestTitleSQ010,20,Die Bestien erheben sich
DLCQuestTitleSQ011,20,Kann das weg?
DLCQuestTitleSQ012,20,Komplott in der Antropolis
DLCQuestTitleSQ013,20,Die Aufmüpfigen
DLCQuestTitleSQ014,20,Überragende Fauna
DLCQuestTitleSQ015,20,Futterneid
DLCQuestTitleSQ016,20,Glück muss man haben
DLCQuestTitleSQ017,20,Ausgrabungsstelle
DLCQuestTitleSQ018,20,Wasserscheu
DLCQuestTitleSQ019,20,
DLCQuestTitleSQ020,20,
